-3887,-12119,5547
-4141,-15196,3081
-5305,-14814,-4671
-4662,-9181,-11076
-1372,-1265,-12469
2077,4907,-12174
3756,8996,-12128
3564,8431,-10910
2749,5126,-8011
2179,1774,-4825
1830,-127,-2791
1590,-361,-2392
1196,316,-2896
751,1128,-3583
214,1577,-3973
-721,1600,-3699
-2695,1408,-2806
-5629,712,-1100
-7859,-947,1374
-9551,-3187,3234
-11029,-6172,4014
-12215,-10211,3678
-12570,-13879,2223
-9558,-16173,-1244
-1311,-16074,-4369
5084,-12028,-5967
7938,-5764,-6784
8351,762,-7274
7993,5898,-7423
7917,8986,-7265
7757,9675,-6819
6895,8028,-5909
5911,5634,-4697
5050,3422,-3405
4315,1740,-2227
3651,703,-1488
3070,34,-1005
2553,-352,-764
2064,-543,-738
1553,-676,-902
-4093,-13131,5508
-6027,-14925,-1090
-5951,-11764,-9735
-325,-3722,-12798
4654,2957,-13377
4697,6899,-13200
2169,5639,-9924
1250,3839,-7091
1642,3187,-6221
1838,3573,-6489
1095,3914,-6828
-407,3221,-6117
-1810,1730,-4632
-3636,-211,-2482
-6546,-2361,164
-8860,-4738,1937
-10510,-7675,2880
-11409,-10876,3182
-10871,-13999,2810
-7200,-15150,770
-2530,-12842,-3165
1639,-7754,-7380
4439,-1133,-10261
5606,4952,-11621
6391,8911,-11396
7138,9827,-9937
6583,7537,-7701
5392,3995,-5216
4516,1061,-3144
4296,-222,-1869
4467,-3,-1327
4656,1074,-1230
4612,2188,-1355
4232,2885,-1668
3579,2949,-2011
2849,2141,-1991
2127,670,-1452
1561,-697,-825
1213,-1533,-396
1110,-1727,-193
-1563,-12361,6166
-2470,-15010,2213
-3622,-12960,-6238
-2201,-6336,-11177
1291,1295,-12641
3626,6912,-12900
4325,8908,-12648
4464,6393,-9579
3803,2988,-5703
2650,858,-3427
1344,-104,-2712
-555,-589,-2457
-2759,-767,-2372
-5079,-1036,-2098
-7415,-1778,-1204
-9389,-3030,-36
-10644,-5080,1123
-11264,-8163,1801
-11326,-11398,1343
-10466,-13944,-593
-6857,-14660,-3567
-1840,-13236,-6048
3506,-9334,-7486
6577,-4097,-7770
7682,1039,-7419
7972,5088,-6949
8251,7794,-6700
7501,8083,-6588
5914,6366,-6300
4333,4041,-5698
3418,2259,-4720
3250,1320,-3498
3323,842,-2300
3326,626,-1463
3179,571,-1053
2918,532,-928
2579,370,-946
2179,91,-1062
1708,-302,-1169
1260,-796,-1046
-5584,-9700,6786
-2461,-14036,5075
-2802,-17112,2002
-4495,-16196,-6993
-4334,-11469,-14481
-2608,-2380,-14832
-1204,4746,-13007
1438,9200,-11454
4191,8380,-10029
4317,4194,-7284
2964,1765,-5550
1230,1885,-5443
-134,2879,-5799
-993,3256,-5764
-1787,2927,-5316
-3323,1864,-4471
-5723,235,-3541
-8356,-2404,-2036
-10026,-5576,-375
-10869,-8967,504
-10873,-12580,728
-9483,-15627,565
-5640,-16212,-1053
-785,-12909,-4287
3605,-7250,-6694
5761,-1353,-7586
6605,3565,-7511
7035,7111,-7233
6997,8901,-7164
5966,8167,-7060
4761,5827,-6440
4121,3207,-5035
4084,1346,-3314
4253,567,-1929
4452,677,-1066
4483,1035,-618
4191,1198,-527
3625,1119,-745
2976,728,-986
2478,263,-1036
-6116,-9485,8383
-5109,-13218,6667
-5381,-16468,4112
-6083,-17153,-3264
-4282,-14249,-12787
-674,-6522,-15672
2852,1436,-14163
3849,7069,-12399
4303,10216,-12336
3619,7457,-11069
1482,2594,-7707
-1100,-963,-4758
-3798,-2677,-2833
-6770,-3316,-1524
-9100,-3561,-833
-10737,-4346,-325
-11737,-6421,961
-12165,-9395,1912
-12029,-12998,2065
-10731,-16474,1565
-6264,-18584,473
505,-17349,-1714
5848,-12262,-4056
7713,-4733,-6593
7508,2908,-8414
7031,8636,-9375
7023,11716,-9736
6479,11274,-9520
5701,8373,-8413
5067,4915,-6436
4654,2123,-4119
4301,390,-2114
3943,-319,-882
3768,-234,-184
3580,135,47
3184,339,-112
2600,244,-444
1919,-69,-837
1320,-496,-1028
966,-815,-936
-1980,-12253,8369
-2235,-15145,3802
-4370,-14651,-5502
-4532,-8993,-11373
-2754,-1191,-13441
-374,4716,-14195
1459,7453,-15215
1993,6475,-13718
1392,3936,-10392
46,1496,-7454
-2263,-882,-4694
-5487,-3487,-1628
-7934,-5810,574
-9688,-7679,1312
-10076,-8860,477
-8735,-9232,-1023
-6052,-8930,-2049
-2309,-7539,-2809
1270,-4920,-3777
3454,-2171,-4660
4001,-487,-5007
3803,188,-4962
3557,617,-4949
3504,1183,-5041
3910,2028,-5033
4674,2978,-4626
5327,3699,-3917
5609,4065,-3185
5607,4084,-2552
5262,3584,-1954
4572,2588,-1380
3622,1404,-988
2669,447,-911
1930,-149,-957
1535,-367,-919
1514,-241,-783
1718,117,-597
2003,570,-400
2225,982,-251
2264,1215,-235
-6388,-8104,11837
-8643,-10969,9847
-11203,-13194,4425
-13487,-14048,-2579
-13272,-12774,-8980
-10542,-9144,-13882
-6974,-4481,-17155
-4207,-697,-19104
-1269,554,-17964
2186,100,-14006
6002,-309,-9336
8263,186,-6088
8372,1046,-5018
7418,1828,-5188
6371,2317,-5453
5519,2383,-5248
4902,2116,-4569
4462,1628,-3555
4175,1033,-2411
4026,572,-1420
3927,407,-825
3836,595,-741
3653,955,-985
3379,1285,-1275
3003,1400,-1461
2547,1238,-1517
2156,870,-1386
1794,346,-1060
1477,-139,-726
1251,-472,-415
1159,-601,-111
1132,-592,134
1148,-489,248
1213,-289,235
1262,-58,93
1206,157,-183
1026,270,-524
759,206,-757
460,7,-787
206,-211,-721
2141,-12894,6686
2555,-15971,3859
1666,-16260,-5152
2459,-11056,-11890
5002,-3015,-14039
5549,3316,-14320
4639,6114,-14512
3696,3942,-11227
3487,283,-6999
3715,-2537,-3928
3608,-3396,-3154
3207,-2759,-4058
2549,-1678,-5016
1880,-915,-5425
1646,-1077,-4991
1661,-1913,-4093
1538,-2953,-3114
1216,-3974,-1986
544,-4593,-970
-769,-3926,-448
-2423,-1675,-525
-4065,1644,-737
-5014,4427,-548
-5269,5899,-61
-5060,6226,237
-4668,5802,381
-4274,4884,584
-3934,3757,1020
-3641,2795,1513
-3439,2384,1735
-3234,2428,1708
-2986,2687,1557
-2718,2956,1382
-2410,3063,1249
-1984,2931,991
-1484,2591,643
-1030,2163,352
-728,1778,241
-520,1443,290
-418,1288,415
967,-10823,9664
3846,-13726,7145
7593,-15284,-1612
10152,-11001,-8683
11804,-3247,-11927
13277,1300,-13962
13052,267,-13571
10704,-4095,-10390
7562,-7598,-9210
3158,-7957,-11741
-3255,-5805,-14830
-8365,-3914,-14343
-11135,-3392,-9823
-11631,-3577,-4163
-10954,-3490,-320
-10372,-2617,1065
-9862,-1307,960
-9271,162,268
-8712,1527,-115
-7998,2532,35
-7226,3322,173
-6507,4008,12
-5857,4508,-327
-5120,4629,-561
-4302,4348,-575
-3495,3816,-337
-2772,3216,-55
-2262,2799,22
-1942,2618,-68
-1713,2556,-221
-1480,2525,-394
-1212,2455,-473
-986,2374,-417
-830,2304,-292
-701,2249,-144
-526,2157,19
-274,1988,89
-11,1769,109
219,1518,260
388,1260,515
3443,-11223,9383
5378,-14579,8044
5229,-17185,2514
5351,-17230,-6970
6989,-12149,-13221
8791,-4335,-14797
9631,2082,-14341
8739,6013,-14534
5655,6894,-14740
1477,4137,-11362
-1146,828,-7089
-1818,-1540,-3870
-1484,-2150,-2610
-586,-1364,-3239
456,-430,-4368
1084,-257,-4679
1097,-478,-4321
198,-801,-3510
-1928,-1323,-1156
-4078,-1370,1152
-5229,-1172,2677
-5111,-693,2445
-4301,3,1083
-3408,704,-419
-2722,1092,-1335
-2325,1299,-1747
-2269,1673,-2035
-2513,2232,-2173
-2972,2714,-1896
-3448,2888,-1169
-3757,2644,-155
-3797,2177,765
-3577,1820,1100
-3094,1624,749
-2462,1544,81
-1827,1525,-556
-1331,1508,-875
-1026,1520,-915
-888,1623,-809
-915,1796,-597
2028,-11489,7627
3310,-13909,4249
5560,-13335,-3114
7639,-9138,-10332
8524,-3427,-14279
8021,1370,-16187
7582,3063,-14566
7532,2093,-10759
8218,515,-7732
8899,-689,-6547
8919,-885,-7486
8384,-733,-9233
7256,-918,-10523
5585,-1607,-10827
3050,-2256,-9862
-279,-2459,-7729
-3563,-2230,-4349
-5598,-1923,-1458
-6072,-1994,-11
-5684,-2110,-1
-5238,-1896,-751
-5202,-1330,-1493
-5539,-487,-1831
-6078,544,-1606
-6830,1869,-728
-7524,3311,447
-7829,4544,1263
-7619,5275,1414
-6916,5341,957
-5862,4816,116
-4594,3922,-853
-3403,3098,-1742
-2606,2664,-2178
-2154,2546,-2194
-1941,2601,-1943
-1856,2687,-1475
-1838,2751,-965
-1823,2692,-401
-1750,2430,104
-1569,1975,462
16221,65,-10304
16480,-5616,-13149
12659,-10656,-16175
1815,-10924,-16197
-6347,-8957,-10406
-11332,-6273,-4984
-13894,-3617,-1902
-13230,-2901,-1194
-11038,-3419,-555
-9799,-3119,1070
-9369,-2082,2546
-9080,-751,2737
-8580,434,1980
-8020,1595,1051
-7315,2560,75
-6199,2931,-856
-4667,2593,-1670
-3099,1936,-2341
-1868,1332,-2516
-1233,1054,-2240
-1027,1041,-1850
-1095,1155,-1475
-1334,1385,-1081
-1607,1683,-678
-1842,1944,-360
-1938,2070,-248
-1743,1944,-603
-1315,1627,-1142
-801,1276,-1386
-325,1038,-1266
37,899,-1009
289,829,-712
424,799,-379
449,831,-53
394,929,128
232,1096,150
62,1229,121
-67,1273,63
-113,1208,0
-58,1027,-63
489,-12053,3648
2609,-11452,-2645
5082,-7771,-8914
6595,-2758,-12168
6420,1844,-13765
5161,4881,-14071
4210,5662,-12624
4379,5132,-11032
5537,3801,-9716
6723,1878,-8242
7249,-175,-6707
6789,-1829,-5327
5722,-2775,-4438
4413,-3130,-4052
2368,-2937,-3612
-36,-2576,-2429
-1574,-2345,-1308
-1991,-2198,-938
-1965,-1852,-1346
-2065,-1319,-1823
-2592,-676,-1854
-3301,-52,-1453
-4011,594,-902
-4752,1371,-215
-5333,2132,510
-5535,2696,977
-5437,2990,1168
-5123,3063,1063
-4526,2949,559
-3695,2642,-181
-2902,2313,-808
-2278,2109,-1210
-1911,2080,-1365
-1672,2137,-1420
-1557,2224,-1343
-1586,2358,-1092
-1683,2472,-690
-1731,2534,-341
-1706,2544,-163
-1545,2440,-161
2531,-14098,5458
521,-15675,-1783
-604,-12721,-9978
1794,-5667,-13476
5238,1056,-14047
7224,4903,-14134
6771,3819,-10791
5564,760,-6330
4613,-1816,-3101
3528,-3128,-1400
2985,-2656,-2186
2939,-1742,-3536
2848,-1375,-4265
2596,-1625,-4334
2316,-1979,-4318
1913,-2194,-4475
1057,-2546,-4217
38,-3284,-3187
-1289,-3942,-1749
-3056,-3674,-433
-4155,-2954,197
-4446,-1939,-305
-4302,-809,-1342
-3981,85,-2148
-3674,845,-2734
-3498,1550,-3030
-3436,2098,-3037
-3522,2375,-2641
-3836,2567,-1655
-4187,2877,-599
-4313,3294,-65
-4189,3642,0
-3807,3754,-250
-3269,3706,-679
-2731,3577,-1024
-2225,3376,-1199
-1780,3096,-1217
-1460,2864,-1082
-1289,2726,-856
-1194,2621,-532
-4292,-9985,13765
104,-12032,12233
6166,-12276,6952
9679,-9453,-649
9859,-4644,-7489
9260,206,-11004
9369,3903,-11092
10230,6277,-9007
10389,6907,-6530
9496,6246,-4832
8268,5025,-3779
7087,3671,-3001
6080,2416,-2336
5321,1384,-1774
4754,559,-1334
4306,-120,-834
3901,-700,-143
3561,-1208,612
3234,-1591,1240
2876,-1820,1600
2537,-1897,1649
2222,-1817,1307
1922,-1620,600
1640,-1396,-266
1384,-1198,-967
1168,-1062,-1359
969,-1045,-1448
718,-1174,-1247
406,-1457,-784
110,-1749,-245
-144,-1966,195
-312,-2037,411
-354,-1910,324
-324,-1659,74
-274,-1385,-208
-258,-1165,-523
-291,-1035,-886
-323,-953,-1155
-335,-901,-1237
-255,-843,-1036
7930,-8534,-7466
8109,-7979,-1292
7369,-6582,3494
7237,-5166,6927
7630,-4157,9440
7627,-3600,11255
7165,-3566,12488
5860,-4303,12188
3431,-4826,10512
245,-4327,7877
-2910,-2478,4783
-4879,-195,2345
-5607,1547,910
-5601,2647,336
-5617,3298,186
-5592,3752,308
-5517,4088,301
-5464,4173,-433
-5488,4414,-1772
-5626,4962,-3173
-5757,5550,-3918
-5664,5773,-3663
-5205,5441,-2461
-4438,4626,-975
-3633,3590,27
-3064,2772,302
-2777,2307,-16
-2652,2120,-644
-2581,2146,-1241
-2518,2293,-1614
-2388,2372,-1833
-2120,2231,-1889
-1713,1906,-1729
-1249,1488,-1398
-908,1141,-1107
-731,922,-968
-556,707,-917
-388,503,-938
-331,478,-1029
-369,554,-1203
-10875,-4554,-10839
-10444,-5655,-5528
-9250,-5720,769
-7954,-5561,5630
-6445,-5741,9367
-4604,-6254,12184
-2453,-6931,13970
894,-7538,14059
5238,-7590,12559
10020,-6822,9932
14250,-5393,7077
15888,-3310,2394
14615,-771,-3560
12600,2231,-7929
11017,4655,-9779
9510,5539,-9402
7898,5101,-8281
6472,3973,-6755
5308,2604,-4964
4355,1220,-3290
3593,-33,-1997
3092,-925,-1055
2788,-1439,-544
2658,-1568,-636
2712,-1364,-1000
2931,-958,-1359
3273,-519,-1677
3658,-136,-1852
4022,127,-1871
4386,273,-1792
4738,269,-1569
5115,138,-1110
5546,-62,-292
5839,-370,938
5775,-866,2313
5209,-1537,3535
4108,-2246,4514
2639,-2946,5107
937,-3477,5292
-1041,-3835,5234
9076,-4683,-1491
9733,-5095,-292
9372,-5168,1441
7533,-4436,3735
4580,-2809,6023
1908,-1183,7358
445,210,8216
-17,1045,8975
321,1250,9437
857,467,8771
950,-491,7244
457,-979,5532
-650,-707,3787
-2052,121,2049
-3607,1477,493
-5150,3124,-815
-6587,4726,-1897
-7931,6183,-2479
-8842,7035,-2209
-9062,6971,-1278
-8776,6283,-387
-8680,5652,-29
-9090,5523,33
-10236,6087,401
-11367,6442,1648
-12093,6113,3810
-11562,4354,6645
-9646,1499,8863
-6751,-1724,9988
-2775,-4906,9897
1539,-7250,8837
4951,-8231,6936
7030,-8098,4113
7993,-7230,1311
7929,-5901,-675
7230,-4534,-1601
6279,-3481,-1441
5327,-2838,-486
4712,-2539,501
4557,-2419,1041
-9036,-3257,-2242
-8198,-3374,2284
-6900,-3562,6033
-5326,-3976,8881
-3509,-4596,11001
-1524,-5757,12528
720,-7712,13540
3837,-9338,13111
7368,-10261,11128
10557,-9995,8314
12477,-8351,4590
12572,-5292,-631
11565,-1273,-5272
10398,2512,-8002
9730,5268,-9527
9341,6558,-10067
9133,6718,-9822
8918,6161,-9430
8608,5409,-9626
8225,4599,-10517
8157,3793,-11306
8845,2983,-11167
10199,2098,-10059
11900,1090,-7726
13352,-39,-3781
13441,-1712,292
11827,-3789,3956
9037,-5660,6828
5730,-7055,8769
2446,-7782,9803
-263,-7934,10077
-2352,-8029,9155
-4549,-7802,8114
-7261,-7061,7630
-9999,-5967,7351
-12104,-4823,6993
-13205,-3894,6142
-13349,-3241,4844
-12551,-2862,3321
-10816,-2700,1505
6970,-4355,37
7235,-4203,2641
7477,-4114,4876
7753,-4278,6711
8113,-4872,8381
7687,-5651,9948
5632,-5937,11120
2272,-5353,10462
-1426,-3566,8568
-4485,-578,6781
-6421,2490,5293
-7069,4400,3829
-6987,4963,1575
-6507,5017,-660
-6118,5305,-2557
-6269,6763,-4397
-6703,8807,-6017
-7033,10323,-7079
-7624,11324,-7529
-8652,11966,-6992
-10125,12092,-5781
-11923,11557,-3976
-13786,10359,-1210
-14969,8794,2506
-15251,6975,6553
-14489,4371,9748
-13281,1516,12041
-11638,-1664,13401
-8582,-5657,13403
-3776,-9996,11782
2006,-13694,8958
7030,-14925,6130
10578,-13907,3049
12644,-11412,-239
13536,-8316,-3723
13286,-5337,-6292
11310,-3176,-6861
8640,-1814,-6995
6840,-1052,-6709
6129,-831,-5904
-7911,-5106,2485
-5972,-7300,5882
-3411,-9430,8148
1038,-10534,8225
5933,-10067,6981
9976,-7968,5321
12876,-4740,3566
14537,-1038,2085
14803,2542,496
13725,5292,-1617
11871,7191,-3940
9755,8036,-6009
8156,8161,-7422
7280,7710,-8233
7007,6723,-8240
7027,5356,-7761
7092,3827,-7079
7062,2369,-6487
6936,932,-5960
7122,-140,-4745
7815,-594,-3389
8925,-493,-2036
10244,-226,-700
11354,-347,1009
11556,-1190,3099
10154,-2802,5495
6876,-4771,7551
2672,-6176,8869
-1591,-6855,9457
-5154,-7089,9545
-7537,-6955,9363
-8742,-6647,8357
-9223,-6186,6913
-9532,-5561,5763
-9515,-4930,4836
-9375,-4305,4019
-9138,-3746,2972
-8747,-3271,1476
-8110,-2833,-385
-7338,-2272,-2247
9471,-5543,-3165
11134,-5791,-609
11848,-5676,2377
11815,-5186,5391
10853,-4453,7868
9264,-3542,9774
7482,-2601,11206
5252,-1736,12357
2794,-856,13173
167,-26,13568
-2590,910,13224
-5319,1970,12163
-8012,2893,9970
-10140,3243,5966
-11168,3665,1436
-11106,4006,-2380
-10179,3860,-4661
-8937,3557,-5195
-7811,3572,-4295
-6984,3871,-2993
-6798,4458,-2609
-7315,5405,-3444
-8275,6585,-4955
-9317,7574,-6317
-10292,8155,-6963
-11353,8370,-6685
-12498,8175,-5213
-13125,7304,-2554
-13177,5725,398
-13270,3803,3478
-12580,2020,7490
-10650,26,10963
-7226,-2731,12748
-2746,-5843,12667
1858,-8757,11184
5722,-11074,9083
8522,-12252,6293
9045,-12157,1918
8179,-10770,-2246
7800,-8613,-5056
9715,-4043,-6699
10560,-2311,-6478
10527,-1106,-6205
9984,-465,-5916
9094,-293,-5466
7643,-517,-4821
5408,-960,-4365
2805,-1274,-4378
283,-1415,-4635
-1344,-1523,-4694
-1769,-1691,-4344
-1248,-1831,-3797
-231,-1882,-3244
865,-1833,-2838
1765,-1656,-2732
2219,-1417,-2874
1894,-1282,-2855
831,-1269,-2673
-411,-1274,-2501
-1258,-1243,-2391
-1567,-1145,-2430
-1351,-986,-2546
-690,-845,-2539
199,-746,-2270
994,-660,-1938
1404,-589,-1615
1298,-515,-1371
796,-424,-1192
34,-304,-1143
-714,-207,-1075
-1158,-149,-927
-1159,-96,-774
-763,-42,-612
-126,41,-463
519,162,-370
957,321,-348
1037,482,-407
749,603,-444
233,660,-398
-285,636,-247
-9256,6197,-11454
-11879,5443,-11649
-14221,3045,-11318
-16055,-803,-10401
-16570,-5090,-7510
-15005,-7869,-1753
-11779,-9095,3786
-7544,-9617,7260
-2540,-9685,8870
2996,-9318,8745
7436,-8710,8057
10243,-8335,7616
12158,-8302,7166
14015,-7826,6276
15559,-6151,2909
15268,-3223,-3188
13071,422,-9652
10634,3894,-14285
9257,6210,-17090
9410,7137,-17964
10897,6767,-16914
12554,5344,-14493
13403,3306,-11934
13158,894,-10172
12296,-1554,-8715
11276,-3621,-6253
10463,-4766,-2147
9377,-5485,2100
7468,-6246,5472
4636,-7011,7982
1370,-7759,9641
-2389,-8421,10508
-6363,-8661,10637
-9684,-8639,10173
-12051,-8590,8835
-12493,-8368,7679
-11150,-8315,6512
-8984,-8372,4393
-6833,-7595,30
-5854,-5244,-5379
8655,-6024,-1184
9184,-5825,3351
8931,-5427,6967
8217,-5378,9743
7143,-6119,11866
5506,-7684,13384
2944,-9508,12633
127,-11250,7415
-2380,-11014,561
-4634,-8466,-5189
-6835,-4162,-8105
-8337,735,-7833
-8708,4517,-5984
-8267,6620,-4385
-7630,7758,-4231
-7144,8454,-5241
-7069,9336,-6181
-7501,10594,-6096
-8051,11432,-5123
-8783,11705,-4006
-9190,10631,-2799
-9242,9061,-1475
-9191,7792,39
-9339,7062,1493
-10000,6884,3188
-10724,6101,5545
-11111,4515,8621
-11072,2465,11397
-10124,-428,13056
-7311,-3245,13069
-2684,-7201,11725
2214,-11052,9685
6329,-12246,7556
8824,-11712,3725
10213,-9956,-1236
10405,-7570,-4660
9640,-5365,-5795
8256,-3755,-5667
6796,-2749,-4977
5682,-2242,-3750
-12472,-2916,-3384
-11352,-3738,485
-9166,-3978,3751
-6462,-3492,6462
-4059,-2691,8151
-2694,-1825,9332
-2776,-1293,10653
-3250,-1590,12135
-2831,-2940,13374
-735,-4896,13716
2091,-6733,13258
4815,-8289,11986
7449,-9267,8557
9884,-8383,3911
11122,-5932,-1391
11058,-2629,-6538
10511,684,-9871
10203,3440,-11694
10017,5115,-12346
9726,5579,-12528
9468,5219,-12504
9284,4142,-12202
9211,2678,-11898
9593,1361,-11985
10576,53,-12168
12239,-1362,-11440
14314,-2587,-8651
15359,-2874,-3569
14682,-2901,1709
12529,-3265,5874
9120,-3927,8889
5016,-4730,10780
855,-5639,11652
-2947,-6605,11718
-6559,-7495,11128
-9533,-8310,9881
-10124,-8602,8336
-9386,-7942,6740
-8512,-7030,5393
-7802,-5731,4451
-7713,-3021,1017
-8310,-2125,-2260
-8205,-1281,-5777
-7411,-484,-8739
-6316,366,-10401
-5177,1104,-10701
-4167,1846,-9657
-3278,2598,-7633
-2570,3182,-5436
-2055,3458,-3955
-1823,3408,-3600
-1807,3193,-4258
-1912,3014,-5398
-2093,3032,-6333
-2208,3191,-6730
-2019,3368,-6541
-1485,3510,-5798
-620,3661,-4706
490,3775,-3620
1571,3809,-2820
2291,3793,-2411
2557,3775,-2338
2413,3803,-2476
2029,3892,-2682
1667,3980,-2928
1381,4062,-3153
1204,4125,-3269
1296,4170,-3184
1648,4244,-2891
2168,4309,-2526
2620,4358,-2245
2802,4394,-2055
2703,4451,-1908
2444,4508,-1821
2148,4551,-1820
1935,4564,-1865
1838,4520,-1955
1829,4453,-1987
1885,4435,-1875
1957,4434,-1678
9861,-4924,-1478
12424,-4609,1309
13317,-3987,4371
12656,-3131,7304
10879,-2236,9730
8315,-1379,11492
5155,-466,12478
1624,489,12678
-2012,1258,11624
-5785,2061,9236
-9370,3392,5554
-11584,4769,1022
-12040,6146,-3258
-11333,7388,-6961
-10238,8174,-10109
-9510,8797,-12218
-9327,9263,-13121
-9636,9486,-13106
-10936,9661,-12837
-12794,9320,-11470
-14094,8740,-7648
-13987,8267,-1747
-13165,7865,3685
-12223,7448,7690
-11296,6787,10727
-10284,5677,13176
-7923,3344,14848
-2587,-589,14673
4631,-4681,12313
9896,-6931,9925
13108,-7529,8480
14562,-7262,5648
14146,-6919,694
12354,-5919,-4061
9938,-4426,-7131
7355,-2993,-8523
5448,-1884,-8931
4480,-824,-8429
4164,151,-7538
4340,881,-6954
-12915,1967,-12873
-15491,-463,-12992
-17048,-4700,-11703
-16883,-10076,-8520
-15004,-13450,-3882
-11086,-11921,2750
-7983,-8122,7539
-5188,-5410,10389
1860,-3588,8824
8048,-2307,7063
12562,-1394,6063
15825,-751,5581
17654,-1423,4596
18149,-3794,2515
17422,-6424,-1022
15590,-8855,-6315
13686,-9432,-11654
12091,-9388,-16212
11163,-9817,-19084
11358,-10075,-19344
12341,-10274,-17653
13568,-10954,-14999
14640,-12221,-12200
15124,-13245,-9714
14918,-13206,-7090
13819,-11150,-3487
11132,-7691,931
6624,-4313,5373
2888,-1838,8824
228,-35,11414
-2782,1003,13257
-5151,641,14533
-6307,-864,15505
-5734,-3948,14680
-5305,-8523,9785
-5931,-11391,3619
-7324,-11492,-1752
-8527,-9757,-6212
-9587,-6925,-9681
-10781,-3538,-12051
-10048,3101,-15843
-8121,3402,-15442
-6098,3179,-14156
-4209,2733,-12262
-2532,2237,-10083
-1026,1817,-7980
266,1540,-6101
1111,1390,-4596
1520,1342,-3421
1677,1360,-2576
1860,1385,-2031
2204,1393,-1782
2633,1400,-1630
3084,1449,-1446
3513,1543,-1273
3936,1638,-1148
4292,1778,-1029
4495,1934,-962
4532,2080,-972
4399,2246,-823
4186,2380,-682
4021,2460,-743
3898,2511,-963
3817,2536,-1310
3835,2528,-1651
3960,2503,-1765
4165,2418,-1710
4402,2310,-1345
4533,2221,-764
4579,2151,-215
4460,2132,243
4103,2151,599
3709,2143,621
3380,2125,362
3119,2118,-83
3000,2102,-667
3026,2076,-1181
3129,2042,-1424
3273,1987,-1430
3341,1902,-1258
-11859,-7557,2457
-10750,-11373,2170
-7086,-13975,946
-1931,-14822,-594
2933,-14273,-1972
7470,-12688,-3060
10894,-10598,-3243
13273,-8290,-2879
14741,-5960,-2733
15527,-3809,-3040
15844,-1931,-3853
15891,-381,-4977
15426,725,-5967
14818,1375,-6664
14347,1621,-6918
14249,1552,-6705
14734,1281,-6040
15632,830,-4914
16470,-28,-3469
17206,-1207,-2141
17801,-2633,-1505
18316,-4228,-1529
17929,-5855,-2039
16233,-7891,-2951
13213,-9906,-3830
8998,-12057,-4099
3315,-14027,-3369
-2508,-14444,-1911
-7052,-12887,221
-10107,-9832,2879
-11884,-6332,4832
-12723,-3265,6195
-12998,-974,6712
-12281,333,6199
-10595,735,4772
-8459,812,3123
-6528,952,1917
-5169,1200,1256
-4296,1474,788
-3814,1742,285
7141,-5621,-2077
5784,-6851,-2058
3540,-7490,-1972
769,-7173,-1876
-2053,-5902,-1865
-4411,-3828,-1955
-5920,-1512,-1964
-6838,698,-1686
-7384,2880,-1128
-7505,4875,-528
-7273,6493,113
-6836,7635,805
-6373,8325,1564
-5920,8709,2352
-5617,9017,3028
-5411,9099,3388
-5253,8905,3476
-5168,8528,3437
-5175,8164,3338
-5223,7785,3181
-5294,7420,2947
-5470,7289,2756
-5843,7537,2614
-6461,7993,2549
-7319,8393,2612
-8312,8289,2793
-9596,7532,2983
-11009,6061,3021
-11943,3404,2539
-11626,-315,1517
-9865,-4264,4
-6710,-7484,-1565
-2958,-9379,-2662
593,-10138,-3259
3365,-9566,-3464
5271,-8218,-3420
6826,-6684,-3034
8467,-5152,-2261
9918,-3621,-1245
10815,-2251,-357
-11085,-7750,2339
-9771,-11860,3157
-7391,-14997,2651
-2327,-15986,367
4813,-14331,-2199
11086,-10674,-3565
14740,-5935,-2719
16084,-1245,-1151
15506,2853,-476
13777,6167,-1165
11364,8946,-2688
8711,10576,-4404
6278,10557,-5600
4494,9910,-6022
3424,9079,-5916
2941,8230,-5410
2950,7495,-4597
3322,7001,-3651
3902,6863,-2841
4622,6994,-2342
5526,7268,-2100
6587,7481,-1969
7759,7412,-2059
8990,6770,-2334
10133,5389,-2630
10999,3456,-2960
11300,1055,-3292
10769,-1579,-3389
9442,-4364,-3353
7256,-6913,-3048
4366,-8911,-2307
912,-10095,-1021
-2784,-10269,685
-6116,-9564,2338
-8365,-8334,3758
-9704,-6931,4956
-10295,-5562,5825
-9833,-4348,6070
-8576,-3269,5628
-7161,-2437,4577
11586,-4098,2750
12171,-5930,116
11108,-7799,-2943
7872,-8641,-5514
3425,-8024,-6712
-918,-6261,-6434
-4103,-3731,-5820
-5635,-1145,-5407
-6277,1054,-4919
-6711,2776,-3698
-7127,4265,-1624
-7084,5381,774
-6684,6253,2697
-6100,6677,3908
-5422,6639,4497
-4832,6361,4653
-4310,5746,4490
-3869,4997,4235
-3596,4369,3987
-3476,4035,3736
-3472,4000,3483
-3496,4097,3097
-3498,4181,2630
-3556,4353,2235
-3789,4782,2028
-4243,5445,2042
-4958,6281,2116
-5934,7148,2223
-7032,7395,2404
-8326,7051,2565
-9905,6074,2530
-11742,4300,2280
-13509,1729,1795
-14237,-2104,693
-12687,-6612,-1028
-8774,-10597,-2773
-3652,-12702,-4370
1409,-12692,-5778
5620,-10988,-6302
8834,-8445,-5614
12725,-3066,-1759
12962,-1001,-199
12312,356,523
11225,1154,535
9870,1430,5
8434,1367,-756
7071,1142,-1344
5887,820,-1528
4916,506,-1319
4171,230,-912
3676,55,-521
3270,-33,-285
2761,-119,-225
2142,-222,-340
1519,-316,-552
952,-415,-775
532,-526,-869
291,-617,-844
252,-632,-758
360,-575,-627
505,-491,-464
624,-394,-337
703,-335,-214
713,-292,-108
551,-296,-84
280,-360,-150
11,-430,-253
-167,-464,-323
-246,-449,-420
-233,-409,-514
-147,-336,-512
-21,-274,-427
87,-218,-351
162,-150,-248
183,-96,-137
116,-67,-74
-47,-56,-102
-293,-75,-159
-550,-99,-197
-751,-115,-255
-11388,-4369,2649
-11846,-6409,2147
-11212,-9553,2359
-9574,-13524,2677
-6422,-15857,1266
-415,-16171,-693
7065,-13446,-1342
12984,-9155,-1389
16251,-4607,-448
17365,-540,758
16944,2700,1097
15510,5363,51
13282,7842,-1915
10389,10051,-4019
7247,11425,-5813
4507,12275,-6983
2617,12723,-7636
1761,12934,-7934
1925,12849,-7925
2894,12280,-7743
4333,11234,-7597
6048,9822,-7423
8174,8096,-7170
10524,5953,-6753
12417,3092,-6262
13088,-468,-5971
11810,-4100,-5692
8596,-7401,-4342
3986,-10228,-1654
-199,-11800,1480
-3640,-11720,4061
-6304,-10663,5635
-8285,-9238,6295
-9686,-7841,6333
-9971,-6487,5833
-9040,-5179,4773
-7431,-3782,3594
-5697,-2544,2444
-4498,-1727,1518
-3795,-951,987
12659,-5824,1446
12195,-9403,-73
9646,-12835,-1331
4632,-14465,-1831
-1306,-13607,-1984
-6798,-10171,-2368
-10104,-5439,-3270
-11249,-677,-4544
-11172,3449,-5342
-10489,6482,-5010
-9559,8359,-3711
-8669,9344,-2032
-7917,9614,-101
-7223,9325,2071
-6607,8567,4216
-6212,7747,5849
-6081,7216,6648
-6198,7003,6560
-6546,7360,5889
-7133,8110,4817
-7830,8718,3572
-8682,9008,2420
-9818,8858,1385
-11506,7704,719
-13422,5166,752
-15089,903,852
-13888,-4567,157
-9321,-9862,-1334
-3232,-13501,-2723
2182,-14207,-3399
5862,-12512,-3888
8292,-9783,-4465
9939,-7024,-4650
10897,-4555,-4320
11192,-2706,-3479
10798,-1498,-2567
10170,-695,-1786
9573,-121,-1172
8962,284,-851
8248,571,-753
-11160,-6958,775
-10879,-10912,-172
-9084,-14105,-1349
-4652,-15655,-2719
1559,-15154,-4044
8251,-11883,-4666
12497,-7061,-3601
14130,-2272,-1358
13944,1709,657
12772,4850,1425
11137,7446,807
9492,9480,-588
7797,9930,-1965
6294,9161,-3067
5052,7914,-3816
4155,6611,-4069
3653,5621,-3980
3588,5185,-3604
3917,5225,-3022
4698,5727,-2369
5943,6754,-1773
7464,7845,-1475
8983,8354,-1873
10624,8257,-3091
12025,7012,-4824
12778,4237,-6521
12530,110,-7694
10893,-4648,-7949
7618,-8908,-6888
3176,-11792,-4580
-1993,-12672,-1460
-6279,-11688,1634
-9324,-9809,3791
-11345,-8101,5265
-12481,-6724,6408
-11985,-5612,6419
-10081,-4756,4839
-7664,-3925,2499
-5338,-2976,233
-3538,-1974,-1400
12169,-5176,4014
12560,-7822,3675
11996,-10905,1616
9922,-13956,-548
5160,-15102,-2109
-870,-13671,-3347
-6336,-9841,-4468
-9529,-5023,-5671
-10647,73,-6646
-10576,4459,-7058
-9976,7631,-6740
-9333,9539,-5761
-8740,10450,-4264
-8256,10569,-2395
-7859,10143,-359
-7518,9375,1723
-7264,8452,3557
-7022,7362,4839
-6868,6565,5594
-6983,6545,5792
-7227,7332,5284
-7587,8491,3917
-8426,9415,2092
-10189,9219,356
-13110,6900,-853
-15959,2299,-777
-15206,-3763,-262
-9227,-10158,-1208
-2280,-14225,-1950
3212,-15387,-3041
7466,-13037,-4590
10473,-8966,-5905
12338,-4901,-6544
13178,-1756,-6342
12926,209,-5362
12148,1102,-3591
11310,1341,-1848
10520,1343,-705
9287,1203,-248
7485,916,-150
-10912,-4772,1407
-10190,-9067,1266
-8489,-13378,1428
-6141,-16152,84
-882,-16132,-2609
6566,-12807,-4841
12179,-8019,-5225
14424,-2512,-3597
14562,2060,-1353
13512,5369,428
12138,7743,1231
10706,9600,848
9443,10908,-266
8184,10844,-1602
6961,9801,-2811
5940,8420,-3627
5203,7033,-3685
4750,5874,-3254
4608,5280,-2658
4785,5308,-2193
5270,5784,-2165
6092,6284,-2285
7509,6695,-2067
9541,6661,-1410
11628,5398,-458
12850,2551,400
12233,-1517,537
9397,-5715,-579
4925,-8945,-2140
23,-10767,-2796
-4364,-11176,-2226
-7884,-10490,-594
-10352,-9187,1447
-11494,-7545,3084
-11580,-5977,4412
-10974,-4762,4917
-9905,-3766,4357
-8628,-2875,3072
-7285,-2023,1555
-6014,-1203,153
11880,-6419,3889
11129,-10441,4626
8341,-13937,4314
1951,-14694,3253
-5009,-12155,1507
-9048,-7704,-671
-10415,-2611,-2822
-10271,1964,-4412
-9734,5393,-4976
-9204,7592,-4699
-8451,8376,-3991
-7760,8233,-2709
-7279,7667,-876
-6894,7026,1106
-6490,6544,2572
-6099,6270,3136
-5684,6091,2885
-5241,5987,2120
-4798,5821,1061
-4409,5467,55
-4083,4821,-553
-3786,4035,-709
-3715,3724,-445
-4280,4555,347
-5294,6009,1170
-6251,7069,1512
-7576,7400,1515
-9590,6510,1224
-12148,4019,716
-14069,-28,-318
-12592,-4984,-2282
-8062,-9383,-4357
-1913,-12263,-5246
3713,-12582,-4203
8053,-11144,-2157
9835,-8977,-402
9528,-6862,9
8592,-5000,-792
8245,-3316,-1738
8740,-1733,-1964
-9403,-6159,2344
-8790,-9873,2438
-7226,-13581,2856
-4400,-16097,2941
287,-16640,1935
5956,-14631,281
11202,-9656,-870
13685,-4221,-832
13687,628,-577
12065,4612,-1088
10016,7686,-2819
8080,10097,-4884
6720,11843,-6569
6010,12629,-7626
5880,12437,-8017
6252,11520,-7719
7089,10314,-6673
8417,9429,-5046
10106,8842,-3154
11849,8016,-1497
13339,6534,-410
14338,4061,-56
14064,276,-353
11068,-4806,-849
5703,-9410,-1121
816,-11731,-381
-3147,-12134,781
-6244,-11377,1993
-8340,-9952,2866
-9377,-7862,3264
-10069,-6037,3290
-10362,-4656,3256
-9798,-3601,3111
-8412,-2745,2675
-6691,-2020,2055
-5024,-1354,1197
-3688,-725,62
-2723,-118,-1001
-1976,412,-1673
-1291,829,-1965
